{"loss": 2201.77880859375, "_timestamp": 1720109943.9861436, "_runtime": 36.31932258605957, "_step": 3789, "_wandb": {"runtime": 35}}