{"loss": 1645.807373046875, "_timestamp": 1720083142.854943, "_runtime": 1660.3512711524963, "_step": 124999, "_wandb": {"runtime": 1659}}