{"loss": 214.58917236328125, "_timestamp": 1720190756.3992803, "_runtime": 278.21281719207764, "_step": 1999, "_wandb": {"runtime": 275}}