{"loss": 235.6316375732422, "_timestamp": 1720190975.8328476, "_runtime": 80.88860559463501, "_step": 499, "_wandb": {"runtime": 79}}