{"loss": 1187.34716796875, "_timestamp": 1720079230.455061, "_runtime": 363.1902120113373, "_step": 24999, "_wandb": {"runtime": 361}}