{"loss": 410.7403259277344, "_timestamp": 1720189502.2910948, "_runtime": 142.12484073638916, "_step": 999, "_wandb": {"runtime": 140}}