{"loss": 4347.4453125, "_timestamp": 1720073749.4423602, "_runtime": 1591.1771070957184, "_step": 102300}