{"loss": 5306.45654296875, "_timestamp": 1720110409.0060022, "_runtime": 73.74067211151123, "_step": 3789, "_wandb": {"runtime": 72}}