{"loss": 4800.943359375, "_timestamp": 1720077418.4060895, "_runtime": 734.8671765327454, "_step": 49999, "_wandb": {"runtime": 733}}