{"loss": 6134.7978515625, "_timestamp": 1720110853.825809, "_runtime": 348.61027789115906, "_step": 11369, "_wandb": {"runtime": 347}}