{"loss": 1025.162109375, "_timestamp": 1720091610.345285, "_runtime": 769.5780348777771, "_step": 49999, "_wandb": {"runtime": 768}}