{"loss": 6.2050886154174805, "_timestamp": 1720187408.8865042, "_runtime": 993.3847162723541, "_step": 39069, "_wandb": {"runtime": 992}}