{"loss": 118.29167175292969, "_timestamp": 1720145793.392006, "_runtime": 139.334321975708, "_step": 7545}