{"loss": 4335.208984375, "_timestamp": 1720078765.7514813, "_runtime": 356.5356662273407, "_step": 24999, "_wandb": {"runtime": 355}}