{"loss": 1919.5860595703125, "_timestamp": 1720108238.4903708, "_runtime": 193.0146186351776, "_step": 11369, "_wandb": {"runtime": 190}}