{"loss": 4581.20263671875, "_timestamp": 1720111895.5790136, "_runtime": 139.79279470443726, "_step": 647}