{"loss": 5013.51806640625, "_timestamp": 1720111705.8014777, "_runtime": 305.4179906845093, "_step": 9879}