{"loss": 0.6643705368041992, "_timestamp": 1720095043.570693, "_runtime": 1075.6428830623627, "_step": 49999, "_wandb": {"runtime": 1074}}