{"loss": 480.1805419921875, "_timestamp": 1720075525.2551432, "_runtime": 844.8319842815399, "_step": 49999, "_wandb": {"runtime": 843}}