{"loss": 1483.6925048828125, "_timestamp": 1720090812.2428942, "_runtime": 284.609658241272, "_step": 49999, "_wandb": {"runtime": 283}}