{"loss": 5319.7578125, "_timestamp": 1720074551.399941, "_runtime": 784.5124318599701, "_step": 49999, "_wandb": {"runtime": 783}}