{"loss": 748.7589111328125, "_timestamp": 1720080677.763964, "_runtime": 374.7899580001831, "_step": 24999, "_wandb": {"runtime": 373}}