{"loss": 192.78797912597656, "_timestamp": 1720190406.6437407, "_runtime": 141.70391869544983, "_step": 999, "_wandb": {"runtime": 140}}