{"loss": 426.6005554199219, "_timestamp": 1720081094.0533705, "_runtime": 144.6275954246521, "_step": 24999, "_wandb": {"runtime": 143}}