{"loss": 327.81329345703125, "_timestamp": 1720187670.9417512, "_runtime": 75.239999294281, "_step": 1499, "_wandb": {"runtime": 74}}