{"loss": 15403.8037109375, "_timestamp": 1720088048.1805634, "_runtime": 42.64767336845398, "_step": 0}