{"loss": 1111.66259765625, "_timestamp": 1720080235.3857682, "_runtime": 372.83282828330994, "_step": 24999, "_wandb": {"runtime": 371}}