{"loss": 117.43489837646484, "_timestamp": 1720112488.8064868, "_runtime": 191.00625491142273, "_step": 6263}