{"loss": 4156.68994140625, "_timestamp": 1720108974.7784715, "_runtime": 338.0890634059906, "_step": 18949, "_wandb": {"runtime": 334}}