{"loss": 243.38450622558594, "_timestamp": 1720187913.6676755, "_runtime": 161.5231363773346, "_step": 999, "_wandb": {"runtime": 148}}