{"loss": 5274.27197265625, "_timestamp": 1720089294.6888404, "_runtime": 754.6684064865112, "_step": 14999, "_wandb": {"runtime": 753}}