{"loss": 19763.025390625, "_timestamp": 1720072125.4158077, "_runtime": 17.089780807495117, "_step": 2}