{"loss": 24533.40625, "_timestamp": 1720112061.1930015, "_runtime": 32.110684394836426, "_step": 0}