{"loss": 5490.08935546875, "_timestamp": 1720089709.3235445, "_runtime": 45.35401439666748, "_step": 4999, "_wandb": {"runtime": 44}}